{"cameraMode":{"drawMode":0,"name":"Shaded","section":"Shading Mode"},"sceneLighting":true,"audioPlay":false,"sceneViewState":{"showFog":true,"showMaterialUpdate":false,"showSkybox":true,"showFlares":true,"showImageEffects":true,"showParticleSystems":true,"showVisualEffectGraphs":true,"m_FxEnabled":true},"in2DMode":false,"pivot":{"x":-7.537778854370117,"y":0.10857558250427246,"z":13.184389114379883},"rotation":{"x":-0.003702307352796197,"y":-0.9949443340301514,"z":0.09219317883253098,"w":-0.04002276808023453},"size":1.9257010221481324,"orthographic":false}