{"cameraMode":{"drawMode":0,"name":"Shaded","section":"Shading Mode"},"sceneLighting":true,"audioPlay":false,"sceneViewState":{"showFog":true,"showMaterialUpdate":false,"showSkybox":true,"showFlares":true,"showImageEffects":true,"showParticleSystems":true,"showVisualEffectGraphs":true,"m_FxEnabled":true},"in2DMode":false,"pivot":{"x":-0.7129044532775879,"y":37.496124267578128,"z":-110.19528198242188},"rotation":{"x":-0.017748527228832246,"y":-0.9813072681427002,"z":0.11117364466190338,"w":-0.15671806037425996},"size":2.533012628555298,"orthographic":false}