{"cameraMode":{"drawMode":0,"name":"Shaded","section":"Shading Mode"},"sceneLighting":true,"audioPlay":false,"sceneViewState":{"showFog":true,"showMaterialUpdate":false,"showSkybox":true,"showFlares":true,"showImageEffects":true,"showParticleSystems":true,"showVisualEffectGraphs":true,"m_FxEnabled":true},"in2DMode":false,"pivot":{"x":-20.126605987548829,"y":-2.309229850769043,"z":0.034275054931640628},"rotation":{"x":-0.0133286751806736,"y":0.8809033036231995,"z":0.024835703894495965,"w":0.47246912121772768},"size":34.535945892333987,"orthographic":false}