{"cameraMode":{"drawMode":0,"name":"Shaded","section":"Shading Mode"},"sceneLighting":true,"audioPlay":false,"sceneViewState":{"showFog":true,"showMaterialUpdate":false,"showSkybox":true,"showFlares":true,"showImageEffects":true,"showParticleSystems":true,"showVisualEffectGraphs":true,"m_FxEnabled":true},"in2DMode":false,"pivot":{"x":0.9107213616371155,"y":38.15090560913086,"z":-108.71333312988281},"rotation":{"x":-0.000022330370484269224,"y":-0.9999793767929077,"z":0.005397754721343517,"w":-0.0057041458785533909},"size":0.8279969096183777,"orthographic":false}