{"cameraMode":{"drawMode":0,"name":"Shaded","section":"Shading Mode"},"sceneLighting":true,"audioPlay":false,"sceneViewState":{"showFog":true,"showMaterialUpdate":false,"showSkybox":true,"showFlares":true,"showImageEffects":true,"showParticleSystems":true,"showVisualEffectGraphs":true,"m_FxEnabled":true},"in2DMode":false,"pivot":{"x":-3.8228330612182619,"y":37.748878479003909,"z":-110.48783111572266},"rotation":{"x":0.00022331297805067152,"y":-0.9948667287826538,"z":0.10214073956012726,"w":0.0021230708807706835},"size":3.7330124378204347,"orthographic":false}