{"cameraMode":{"drawMode":0,"name":"Shaded","section":"Shading Mode"},"sceneLighting":true,"audioPlay":false,"sceneViewState":{"showFog":true,"showMaterialUpdate":false,"showSkybox":true,"showFlares":true,"showImageEffects":true,"showParticleSystems":true},"in2DMode":false,"pivot":{"x":-1.4370331764221192,"y":40.202396392822269,"z":-120.56681060791016},"rotation":{"x":0.2013588696718216,"y":0.10788805037736893,"z":-0.02234826423227787,"w":0.9733323454856873},"size":1.810866355895996,"orthographic":false}