{"cameraMode":{"drawMode":0,"name":"Shaded","section":"Shading Mode"},"sceneLighting":true,"audioPlay":false,"sceneViewState":{"showFog":true,"showMaterialUpdate":false,"showSkybox":true,"showFlares":true,"showImageEffects":true,"showParticleSystems":true},"in2DMode":false,"pivot":{"x":-6.665251731872559,"y":39.21238708496094,"z":-117.5210189819336},"rotation":{"x":-0.13229139149188996,"y":0.47640231251716616,"z":-0.07264968752861023,"w":-0.8662310838699341},"size":3.310865879058838,"orthographic":false}