{"cameraMode":{"drawMode":0,"name":"Shaded","section":"Shading Mode"},"sceneLighting":true,"audioPlay":false,"sceneViewState":{"showFog":true,"showMaterialUpdate":false,"showSkybox":true,"showFlares":true,"showImageEffects":true,"showParticleSystems":true},"in2DMode":false,"pivot":{"x":7.767790794372559,"y":29.191051483154298,"z":-113.91925048828125},"rotation":{"x":0.5634180307388306,"y":-0.001012176275253296,"z":0.0006734940689057112,"w":0.8262045383453369},"size":6.847368240356445,"orthographic":false}