{"cameraMode":{"drawMode":0,"name":"Shaded","section":"Shading Mode"},"sceneLighting":false,"audioPlay":false,"sceneViewState":{"showFog":true,"showMaterialUpdate":false,"showSkybox":true,"showFlares":true,"showImageEffects":true,"showParticleSystems":true},"in2DMode":false,"pivot":{"x":-11.68505859375,"y":-3.766845703125,"z":-10.95263671875},"rotation":{"x":0.051117297261953357,"y":-0.741283118724823,"z":0.05681680142879486,"w":0.6668576002120972},"size":4.158781051635742,"orthographic":true}