{"cameraMode":{"drawMode":0,"name":"Shaded","section":"Shading Mode"},"sceneLighting":false,"audioPlay":false,"sceneViewState":{"showFog":true,"showMaterialUpdate":false,"showSkybox":false,"showFlares":true,"showImageEffects":true,"showParticleSystems":true},"in2DMode":false,"pivot":{"x":1.756239414215088,"y":37.953365325927737,"z":-112.5166015625},"rotation":{"x":-0.10437649488449097,"y":0.8803694844245911,"z":-0.2283712923526764,"w":-0.40237054228782656},"size":1.207395076751709,"orthographic":false}