{"cameraMode":{"drawMode":0,"name":"Shaded","section":"Shading Mode"},"sceneLighting":true,"audioPlay":false,"sceneViewState":{"showFog":true,"showMaterialUpdate":false,"showSkybox":true,"showFlares":true,"showImageEffects":true,"showParticleSystems":true},"in2DMode":false,"pivot":{"x":-31.824676513671876,"y":-32.86265563964844,"z":-182.79696655273438},"rotation":{"x":0.177177295088768,"y":-0.7980844378471375,"z":0.2814141809940338,"w":0.5024715065956116},"size":116.58412170410156,"orthographic":false}