{"cameraMode":{"drawMode":0,"name":"Shaded","section":"Shading Mode"},"sceneLighting":false,"audioPlay":false,"sceneViewState":{"showFog":true,"showMaterialUpdate":false,"showSkybox":false,"showFlares":true,"showImageEffects":true,"showParticleSystems":true},"in2DMode":false,"pivot":{"x":1.300715446472168,"y":38.44245910644531,"z":-111.62651824951172},"rotation":{"x":-0.10437649488449097,"y":0.8803694844245911,"z":-0.2283712923526764,"w":-0.40237054228782656},"size":3.8869035243988039,"orthographic":false}