{"cameraMode":{"drawMode":0,"name":"Shaded","section":"Shading Mode"},"sceneLighting":true,"audioPlay":false,"sceneViewState":{"showFog":true,"showMaterialUpdate":false,"showSkybox":true,"showFlares":true,"showImageEffects":true,"showParticleSystems":true},"in2DMode":false,"pivot":{"x":242.92987060546876,"y":-423.60986328125,"z":-566.1742553710938},"rotation":{"x":0.055781345814466479,"y":0.927792489528656,"z":-0.3349953293800354,"w":0.1544904112815857},"size":438.7179870605469,"orthographic":false}