{"cameraMode":{"drawMode":0,"name":"Shaded","section":"Shading Mode"},"sceneLighting":true,"audioPlay":false,"sceneViewState":{"showFog":true,"showMaterialUpdate":false,"showSkybox":true,"showFlares":true,"showImageEffects":true,"showParticleSystems":true},"in2DMode":false,"pivot":{"x":15.733352661132813,"y":41.161563873291019,"z":-105.02873992919922},"rotation":{"x":0.11447279155254364,"y":0.6165841221809387,"z":-0.09139585494995117,"w":0.7736445069313049},"size":1.6058688163757325,"orthographic":false}