{"cameraMode":{"drawMode":0,"name":"Shaded","section":"Shading Mode"},"sceneLighting":true,"audioPlay":false,"sceneViewState":{"showFog":true,"showMaterialUpdate":false,"showSkybox":true,"showFlares":true,"showImageEffects":true,"showParticleSystems":true},"in2DMode":false,"pivot":{"x":35.16218566894531,"y":-27.994462966918947,"z":-45.947566986083987},"rotation":{"x":0.09705667197704315,"y":0.9028062224388123,"z":-0.2882060706615448,"w":0.30410465598106387},"size":114.47809600830078,"orthographic":false}