{"cameraMode":{"drawMode":0,"name":"Shaded","section":"Shading Mode"},"sceneLighting":true,"audioPlay":false,"sceneViewState":{"showFog":true,"showMaterialUpdate":false,"showSkybox":true,"showFlares":true,"showImageEffects":true,"showParticleSystems":true},"in2DMode":false,"pivot":{"x":13.72387981414795,"y":38.14134979248047,"z":-98.67020416259766},"rotation":{"x":0.3081839084625244,"y":0.03508203476667404,"z":-0.01140329334884882,"w":0.9506270885467529},"size":8.061259269714356,"orthographic":false}