{"cameraMode":{"drawMode":0,"name":"Shaded","section":"Shading Mode"},"sceneLighting":true,"audioPlay":false,"sceneViewState":{"showFog":true,"showMaterialUpdate":false,"showSkybox":true,"showFlares":true,"showImageEffects":true,"showParticleSystems":true},"in2DMode":false,"pivot":{"x":20.10360336303711,"y":47.29951095581055,"z":-115.94367218017578},"rotation":{"x":0.07104451954364777,"y":0.7220591306686401,"z":-0.07501336932182312,"w":0.6840884685516357},"size":1.3510069847106934,"orthographic":false}